{"cameraMode":{"drawMode":0,"name":"Shaded","section":"Shading Mode"},"sceneLighting":true,"audioPlay":false,"sceneViewState":{"m_AlwaysRefresh":false,"showFog":true,"showSkybox":true,"showFlares":true,"showImageEffects":true,"showParticleSystems":true,"showVisualEffectGraphs":true,"m_FxEnabled":true},"in2DMode":false,"pivot":{"x":8.823261260986329,"y":6.763867378234863,"z":2.7153074741363527},"rotation":{"x":-0.09349584579467774,"y":0.8901699185371399,"z":-0.21030786633491517,"w":-0.39351314306259158},"size":9.240939140319825,"orthographic":true}