{"cameraMode":{"drawMode":0,"name":"Shaded","section":"Shading Mode"},"sceneLighting":false,"audioPlay":false,"sceneViewState":{"m_AlwaysRefresh":false,"showFog":true,"showSkybox":false,"showFlares":true,"showImageEffects":true,"showParticleSystems":true,"showVisualEffectGraphs":true,"m_FxEnabled":true},"in2DMode":false,"pivot":{"x":-0.5799999237060547,"y":-0.6000000238418579,"z":0.9700000286102295},"rotation":{"x":-0.39400801062583926,"y":0.25165867805480959,"z":-0.11331400275230408,"w":-0.8767433166503906},"size":1.9408905506134034,"orthographic":false}