{"cameraMode":{"drawMode":0,"name":"Shaded","section":"Shading Mode"},"sceneLighting":true,"audioPlay":false,"sceneViewState":{"m_AlwaysRefresh":false,"showFog":true,"showSkybox":true,"showFlares":true,"showImageEffects":true,"showParticleSystems":true,"showVisualEffectGraphs":true,"m_FxEnabled":true},"in2DMode":false,"pivot":{"x":1083.9822998046875,"y":469.5046691894531,"z":-8.776321411132813},"rotation":{"x":-0.032692547887563708,"y":-0.026986056938767434,"z":0.0008580846479162574,"w":-0.9991077184677124},"size":641.0027465820313,"orthographic":false}