{"cameraMode":{"drawMode":0,"name":"Shaded","section":"Shading Mode"},"sceneLighting":true,"audioPlay":false,"sceneViewState":{"m_AlwaysRefresh":false,"showFog":true,"showSkybox":true,"showFlares":true,"showImageEffects":true,"showParticleSystems":true,"showVisualEffectGraphs":true,"m_FxEnabled":true},"in2DMode":false,"pivot":{"x":1016.1234130859375,"y":495.3716735839844,"z":-5.8228302001953129},"rotation":{"x":0.0578528568148613,"y":-0.014076828956604004,"z":-0.000848570722155273,"w":-0.9982346296310425},"size":641.0027465820313,"orthographic":false}