{"cameraMode":{"drawMode":0,"name":"Shaded","section":"Shading Mode"},"sceneLighting":false,"audioPlay":false,"sceneViewState":{"m_AlwaysRefresh":false,"showFog":true,"showSkybox":false,"showFlares":true,"showImageEffects":true,"showParticleSystems":true,"showVisualEffectGraphs":true,"m_FxEnabled":true},"in2DMode":false,"pivot":{"x":-0.5799999237060547,"y":-0.6000000238418579,"z":0.9700000286102295},"rotation":{"x":0.3388761579990387,"y":-0.4318024814128876,"z":0.17909640073776246,"w":0.8166213631629944},"size":1.9408905506134034,"orthographic":true}